seq_name;seq_len;n_microsat;microsat_sum;microsat_ratio;microsat_position_begin;microsat_position_end;microsat_A;microsat_C;microsat_G;microsat_T;microsat_AC;microsat_AG;microsat_AT;microsat_CG;microsat_CT;microsat_GT
Hepatophyta_Marchantia_polymorpha_L1_1;5471;10;96;0.017547066349844636;4;6;0;1;2;1;0;0;0;0;0;0
Bryophyta_Straminergon_stramineum_L1_1;5424;8;76;0.014011799410029498;6;2;0;1;1;1;0;0;0;0;1;0
Bryophyta_Straminergon_stramineum_L1_2;6703;10;92;0.013725197672683874;9;1;0;0;2;0;0;0;0;0;0;0
Bryophyta_Straminergon_stramineum_L1_3;6707;11;107;0.01595348143730431;7;4;0;0;0;4;0;1;0;0;0;0
Bryophyta_Straminergon_stramineum_L1_4;5452;7;65;0.011922230374174616;5;2;0;1;2;1;0;0;0;0;1;0
Bryophyta_Antitrichia_curtipendula_L1_10;6595;12;121;0.018347232752084913;5;7;0;0;0;5;0;0;0;0;0;0
Bryophyta_Antitrichia_curtipendula_L1_1;7706;8;77;0.009992213859330391;6;2;0;1;0;1;0;0;0;0;0;0
Bryophyta_Antitrichia_curtipendula_L1_2;6757;8;75;0.011099600414385083;2;6;0;0;0;0;0;0;0;0;0;0
Bryophyta_Antitrichia_curtipendula_L1_3;7997;12;120;0.015005627110166312;5;7;0;0;1;3;0;0;0;0;0;0
Bryophyta_Antitrichia_curtipendula_L1_4;6531;10;101;0.015464706783034757;7;3;0;1;0;3;0;0;0;0;0;0
Bryophyta_Antitrichia_curtipendula_L1_5;6687;10;110;0.016449828024525198;5;5;0;0;0;2;0;0;0;0;1;0
Bryophyta_Antitrichia_curtipendula_L1_6;6126;4;36;0.005876591576885406;1;3;0;0;2;2;0;0;0;0;0;0
Bryophyta_Antitrichia_curtipendula_L1_7;7159;11;122;0.017041486241095125;4;7;1;1;1;0;0;0;0;0;0;0
Bryophyta_Antitrichia_curtipendula_L1_8;6709;9;87;0.012967655388284394;3;6;1;1;1;3;0;0;0;0;0;0
Bryophyta_Antitrichia_curtipendula_L1_9;6578;8;72;0.010945576162967468;4;4;1;0;1;4;0;0;0;0;0;0
Bryophyta_Isothecium_myosuroides_L1_1;6511;11;103;0.015819382583320534;7;4;0;0;1;4;0;0;0;0;0;0
Bryophyta_Isothecium_myosuroides_L1_2;3234;4;39;0.012059369202226345;2;2;0;0;0;3;0;0;0;0;0;0
Bryophyta_Isothecium_myosuroides_L1_3;5123;3;29;0.005660745656841694;2;1;0;0;0;3;0;0;0;0;0;0
Bryophyta_Isothecium_myosuroides_L1_4;6512;11;103;0.015816953316953316;7;4;0;0;1;4;0;0;0;0;0;0
LINE_Sphagnum_fallax_L1_1;6431;10;97;0.01508319079458871;4;6;1;2;0;1;0;0;0;0;1;0
Bryophyta_Sphagnum_fallax_L1_2;6571;10;93;0.014153096941104854;8;2;0;1;1;3;0;0;0;0;1;0
Bryophyta_Sphagnum_magellanicum_L1_1;6355;14;130;0.020456333595594022;8;6;0;2;2;1;0;0;0;0;0;0
Bryophyta_Sphagnum_magellanicum_L1_2;5296;12;121;0.022847432024169185;9;3;0;4;5;0;0;0;0;0;0;0
Bryophyta_Sphagnum_magellanicum_L1_3;6858;13;120;0.017497812773403325;9;4;0;1;1;2;1;0;0;0;0;0
Bryophyta_Sphagnum_magellanicum_L1_4;5527;7;64;0.01157951872625294;4;3;0;1;0;0;0;0;0;0;0;0
Bryophyta_Sphagnum_magellanicum_L1_5;4526;11;107;0.02364118426866991;7;4;0;1;1;0;0;0;0;0;0;0
Bryophyta_Sphagnum_magellanicum_L1_6;7656;13;132;0.017241379310344827;8;5;1;1;3;3;0;0;0;0;0;0
Bryophyta_Sphagnum_magellanicum_L1_7;4761;9;88;0.01848351186725478;3;6;1;0;1;0;0;0;0;0;0;0
Bryophyta_Thuidium_tamariscinum_L1_10;7318;15;150;0.020497403662202787;7;8;2;0;2;4;0;0;0;0;0;0
Bryophyta_Thuidium_tamariscinum_L1_1;7039;16;151;0.021451910782781646;7;9;0;2;0;1;0;0;0;0;0;0
Bryophyta_Thuidium_tamariscinum_L1_2;6390;10;99;0.015492957746478873;4;6;1;0;3;2;0;0;0;0;0;0
Bryophyta_Thuidium_tamariscinum_L1_3;6893;10;93;0.013491948353402002;3;7;1;0;1;5;0;0;0;0;0;0
Bryophyta_Thuidium_tamariscinum_L1_4;6510;11;111;0.017050691244239632;4;7;1;1;2;0;0;0;0;0;0;0
Bryophyta_Thuidium_tamariscinum_L1_5;6663;12;123;0.01846015308419631;2;10;1;1;1;3;0;0;0;0;0;0
Bryophyta_Thuidium_tamariscinum_L1_6;6539;15;146;0.02232757302339807;9;6;2;2;2;1;0;0;0;0;0;0
Bryophyta_Thuidium_tamariscinum_L1_7;6662;10;98;0.014710297208045632;4;6;3;0;0;3;0;0;0;0;0;0
Bryophyta_Thuidium_tamariscinum_L1_8;6613;8;77;0.011643732042945713;3;5;1;1;0;1;0;0;0;0;0;0
Bryophyta_Thuidium_tamariscinum_L1_9;7810;15;137;0.017541613316261202;9;6;1;2;3;0;0;0;0;0;0;0
Eudicot_Solanum_lycopersicum_L1_1;4524;6;54;0.011936339522546418;4;2;0;0;1;1;0;0;0;0;0;0
Eudicot_Solanum_lycopersicum_I_2;7007;14;217;0.030969030969030968;5;9;0;0;2;1;0;0;0;0;0;0
Eudicot_Solanum_lycopersicum_I_3;6034;7;68;0.011269472986410341;3;4;2;0;0;1;0;0;0;0;0;0
LINE_RTE_Solanum_lycopersicum_chr3_NC_015440.3_43758271_43769068_1;4520;7;64;0.01415929203539823;4;3;1;0;1;1;0;0;0;0;0;0
Eudicot_Solanum_lycopersicum_L1_5;4429;7;68;0.01535335290133213;4;3;0;0;0;2;0;0;0;0;0;1
Eudicot_Acacia_confusa_I_10;5999;14;140;0.023337222870478413;8;6;1;0;1;7;0;0;0;0;0;0
Eudicot_Acacia_confusa_L1_11;5095;9;89;0.01746810598626104;5;4;1;0;2;3;0;0;0;0;0;0
Eudicot_Acacia_confusa_I_1;5937;10;96;0.01616978271854472;5;5;1;1;0;2;0;0;0;0;0;0
Eudicot_Acacia_confusa_I_2;5635;14;131;0.023247559893522625;6;8;1;1;4;1;0;0;0;0;0;0
Eudicot_Acacia_confusa_I_3;5861;14;140;0.023886708752772566;7;7;1;0;1;4;0;0;0;0;0;0
Eudicot_Acacia_confusa_I_4;5514;10;95;0.017228871962277837;7;3;2;0;1;2;0;0;0;0;0;0
Eudicot_Acacia_confusa_I_5;5331;11;107;0.020071281185518663;7;4;1;0;0;2;0;0;0;0;0;0
Eudicot_Acacia_confusa_I_6;5378;12;118;0.02194124209743399;5;7;1;0;0;3;0;0;0;0;0;0
Eudicot_Acacia_confusa_I_7;5614;11;111;0.019771998574991095;2;9;1;0;1;6;0;0;0;0;0;0
Eudicot_Acacia_confusa_I_8;5568;13;128;0.022988505747126436;4;9;1;0;1;2;0;0;0;0;0;0
Eudicot_Acacia_confusa_I_9;5534;6;57;0.01029996385977593;3;3;1;0;0;2;0;0;0;0;0;0
Eudicot_Acer_campestre_I_10;5960;15;159;0.026677852348993288;8;7;2;0;1;9;0;0;0;0;1;0
Eudicot_Acer_campestre_I_11;5993;12;118;0.019689637910896046;7;5;1;0;1;9;0;0;0;0;1;0
Eudicot_Acer_campestre_I_1;7197;22;254;0.03529248297901903;6;16;3;0;2;6;0;0;1;0;0;1
Eudicot_Acer_campestre_I_2;6972;18;217;0.03112449799196787;4;14;2;0;0;12;0;0;0;0;2;0
Eudicot_Acer_campestre_I_3;7205;14;141;0.019569743233865372;1;13;2;0;1;5;0;0;2;0;0;0
Eudicot_Acer_campestre_I_4;5699;2;25;0.0043867345148271624;1;1;1;0;0;0;0;0;0;0;0;0
Eudicot_Acer_campestre_I_5;6207;11;105;0.016916384726921217;2;9;2;0;0;4;0;0;0;0;0;1
Eudicot_Acer_campestre_I_6;5766;9;86;0.014915019077349982;3;6;1;0;0;1;0;0;0;0;1;0
Eudicot_Acer_campestre_I_7;5664;13;122;0.02153954802259887;9;4;1;0;2;4;0;0;0;0;0;0
Eudicot_Acer_campestre_I_8;5740;5;51;0.008885017421602788;2;3;1;0;0;1;0;0;0;0;1;0
Eudicot_Acer_campestre_I_9;5741;6;56;0.009754398188468908;2;4;1;0;0;4;0;0;0;0;0;0
Eudicot_Cannabis_sativa_I_10;5643;13;158;0.027999291157185895;8;5;1;1;1;1;0;0;0;0;0;0
Eudicot_Cannabis_sativa_I_11;5311;10;92;0.017322538128412727;6;4;1;0;1;4;0;0;0;0;0;0
Eudicot_Cannabis_sativa_I_1;5285;14;150;0.02838221381267739;9;5;1;0;1;4;0;0;0;0;0;0
Eudicot_Cannabis_sativa_I_2;5312;10;126;0.02371987951807229;6;4;1;0;1;3;0;0;0;0;0;0
Eudicot_Cannabis_sativa_I_3;5363;11;105;0.01957859407048294;7;4;2;0;2;4;0;0;0;0;0;0
Eudicot_Cannabis_sativa_I_6;6672;12;133;0.019934052757793766;4;8;1;0;0;8;0;0;0;0;2;0
Eudicot_Cannabis_sativa_I_7;5663;13;129;0.02277944552357408;5;8;1;0;0;3;0;0;0;0;0;0
Eudicot_Cannabis_sativa_I_8;5969;10;104;0.01742335399564416;4;6;1;0;0;3;0;0;0;0;0;0
Eudicot_Cannabis_sativa_I_9;5577;10;103;0.018468710776403083;4;6;1;2;0;3;0;1;0;0;0;0
Eudicot_Cannabis_sativa_L1_4;5939;11;112;0.01885839366896784;6;4;0;0;2;2;0;0;0;0;1;0
Eudicot_Cannabis_sativa_L1_5;5772;12;116;0.020097020097020097;7;5;1;0;1;1;0;0;0;0;0;0
Eudicot_Daucus_carota_I_10;5728;10;106;0.018505586592178772;8;2;1;0;0;2;0;1;0;0;0;0
Eudicot_Daucus_carota_I_11;6462;13;125;0.01934385639121015;10;3;1;0;1;5;0;1;0;0;0;0
Eudicot_Daucus_carota_I_1;5289;12;119;0.022499527320854605;8;4;1;0;3;4;0;0;0;0;0;0
Eudicot_Daucus_carota_I_2;5528;8;73;0.013205499276410999;5;3;0;0;2;2;0;1;0;0;0;0
Eudicot_Daucus_carota_I_3;5498;9;92;0.01673335758457621;4;5;1;0;2;0;0;0;0;0;0;0
Eudicot_Daucus_carota_I_4;5416;7;69;0.012740029542097488;4;3;1;0;0;1;0;0;0;0;0;0
Eudicot_Daucus_carota_I_5;5317;11;110;0.020688358096671054;6;5;1;0;1;4;0;0;0;0;0;0
Eudicot_Daucus_carota_I_6;5313;8;76;0.014304536043666478;4;4;0;0;0;2;0;1;0;0;0;0
Eudicot_Daucus_carota_I_7;5233;12;114;0.021784827059048346;7;5;1;0;2;2;0;0;0;0;0;0
Eudicot_Daucus_carota_I_8;5297;1;9;0.001699074948083821;0;1;0;0;1;0;0;0;0;0;0;0
Eudicot_Daucus_carota_I_9;5243;14;141;0.026893000190730498;7;7;1;0;3;4;0;0;0;0;0;0
Eudicot_Arabidopsis_thaliana_I_1;5255;9;92;0.017507136060894386;4;5;0;0;0;1;1;0;0;0;0;0
Eudicot_Arabidopsis_thaliana_I_2;5705;7;75;0.013146362839614373;3;4;0;0;0;2;0;0;0;0;0;0
Eudicot_Arabidopsis_thaliana_I_4;5758;11;112;0.019451198332754428;6;5;0;0;0;4;0;0;0;0;0;0
Eudicot_Arabidopsis_thaliana_I_5;5679;5;47;0.008276104948054235;2;3;0;0;0;2;0;0;0;0;0;0
Eudicot_Arabidopsis_thaliana_L1_3;5791;13;127;0.02193058193748921;3;10;0;0;0;4;0;0;0;0;1;0
Eudicot_Arabidopsis_thaliana_L1_6;4980;4;44;0.008835341365461847;3;1;0;0;0;1;0;0;0;0;0;0
Eudicot_Arabidopsis_thaliana_L1_7;4787;6;55;0.01148945059536244;2;4;0;0;1;0;0;1;0;0;1;0
Eudicot_Helianthus_annuus_L1_10;5347;5;57;0.010660183280344118;3;2;0;0;0;1;0;0;0;0;0;0
Eudicot_Helianthus_annuus_L1_11;5002;6;59;0.011795281887245102;2;4;0;0;0;3;0;0;0;0;0;0
Eudicot_Helianthus_annuus_L1_12;5673;19;234;0.041248016922263354;17;2;0;0;1;3;0;0;0;0;0;0
Eudicot_Helianthus_annuus_L1_13;5517;6;56;0.010150444081928585;4;2;0;0;0;2;0;0;0;0;0;0
Eudicot_Helianthus_annuus_L1_14;5527;9;89;0.016102768228695497;6;3;0;0;1;2;0;0;0;0;0;0
Eudicot_Helianthus_annuus_L1_15;6499;16;164;0.02523465148484382;4;12;0;1;2;6;1;0;0;0;1;0
Eudicot_Helianthus_annuus_L1_16;5825;11;105;0.018025751072961373;5;6;0;0;2;1;0;0;0;0;0;0
Eudicot_Helianthus_annuus_L1_17;5585;8;80;0.01432408236347359;4;3;0;0;2;1;0;0;0;0;0;0
Eudicot_Helianthus_annuus_L1_18;5565;10;96;0.01725067385444744;3;7;0;0;0;2;0;0;0;0;0;0
Eudicot_Helianthus_annuus_L1_19;5038;9;82;0.01627630011909488;5;4;0;0;0;7;0;0;0;0;0;0
Eudicot_Helianthus_annuus_L1_1;5504;10;101;0.01835029069767442;4;6;0;0;1;2;0;0;0;0;0;0
Eudicot_Helianthus_annuus_L1_20;4913;7;65;0.013230205577040504;5;2;0;0;1;2;0;0;0;0;0;0
Eudicot_Helianthus_annuus_L1_2;5508;6;57;0.010348583877995643;2;4;0;0;1;3;0;0;0;0;0;0
Eudicot_Helianthus_annuus_L1_3;5545;10;105;0.018935978358881875;1;9;0;0;0;1;0;0;0;0;0;0
Eudicot_Helianthus_annuus_L1_4;5801;7;70;0.012066885019824168;2;5;1;0;0;1;0;0;0;0;0;0
Eudicot_Helianthus_annuus_L1_5;6243;17;215;0.034438571199743716;7;10;0;0;5;2;0;0;0;0;0;0
Eudicot_Helianthus_annuus_L1_6;5701;13;130;0.02280301701455885;8;5;0;0;3;0;0;0;0;0;0;0
Eudicot_Helianthus_annuus_L1_7;5862;12;134;0.022859092459911294;6;6;0;0;2;1;0;0;0;0;0;0
Eudicot_Helianthus_annuus_L1_8;5672;6;59;0.01040197461212976;1;5;0;0;1;0;0;0;0;0;0;0
Eudicot_Helianthus_annuus_L1_9;5485;9;89;0.016226071103008204;5;4;0;0;1;3;0;0;0;0;0;0
Eudicot_Helianthus_annuus_L1_10;6830;9;85;0.012445095168374817;5;4;0;0;3;4;0;0;0;0;0;0
Eudicot_Helianthus_annuus_L1_11;5785;13;124;0.021434745030250647;7;6;0;0;1;6;0;0;0;0;0;0
Pinophyta_Cupressus_sempervirens_I_1;5663;9;85;0.015009712166696098;4;5;0;0;1;5;0;0;0;0;0;0
Pinophyta_Cupressus_sempervirens_I_2;5643;9;84;0.014885699096225412;5;4;0;0;1;3;0;0;0;0;0;0
Pinophyta_Cupressus_sempervirens_I_3;5658;15;144;0.02545068928950159;6;9;1;0;2;5;0;0;0;0;0;0
Pinophyta_Cupressus_sempervirens_I_4;6108;8;74;0.012115258677144728;7;1;0;0;1;2;0;0;0;0;0;0
Pinophyta_Cupressus_sempervirens_I_5;6310;7;68;0.010776545166402536;4;3;0;0;1;6;0;0;1;0;1;0
Pinophyta_Cupressus_sempervirens_I_6;5633;8;73;0.012959346706905734;4;4;0;0;0;6;0;0;0;0;1;0
Pinophyta_Cupressus_sempervirens_I_7;6308;19;188;0.029803424223208624;8;11;0;0;1;10;0;0;0;0;0;0
Pinophyta_Cupressus_sempervirens_I_8;5714;14;138;0.02415120756037802;7;7;1;0;2;5;0;0;0;0;0;0
Pinophyta_Cupressus_sempervirens_I_9;6330;7;76;0.012006319115323854;4;3;0;0;1;0;0;0;0;0;0;0
Pinophyta_Cupressus_sempervirens_I_10;6830;9;85;0.012445095168374817;5;4;0;0;3;4;0;0;0;0;0;0
Pinophyta_Cupressus_sempervirens_I_11;5785;13;124;0.021434745030250647;7;6;0;0;1;6;0;0;0;0;0;0
Pinophyta_Cryptomeria_japonica_I_10;7300;15;142;0.019452054794520546;8;7;1;0;1;4;0;0;0;0;0;0
Pinophyta_Cryptomeria_japonica_I_1;7426;26;324;0.04363048747643415;6;20;0;0;1;5;1;0;10;0;0;1
Pinophyta_Cryptomeria_japonica_I_2;7672;31;542;0.07064650677789364;6;25;1;0;0;5;1;0;16;0;0;1
Pinophyta_Cryptomeria_japonica_I_3;7391;25;268;0.03626031660127182;5;20;1;0;0;5;0;0;12;0;0;0
Pinophyta_Cryptomeria_japonica_I_4;7697;35;461;0.05989346498635832;7;28;1;0;1;7;2;1;19;0;0;1
Pinophyta_Cryptomeria_japonica_I_5;5505;9;87;0.01580381471389646;5;4;1;0;0;4;0;0;0;0;0;0
Pinophyta_Cryptomeria_japonica_I_6;7379;27;292;0.039571757690744;8;19;1;0;0;7;0;0;13;0;0;1
Pinophyta_Cryptomeria_japonica_I_7;7488;29;414;0.055288461538461536;7;22;1;0;0;5;0;1;11;0;0;1
Pinophyta_Cryptomeria_japonica_I_8;7626;36;558;0.07317073170731707;9;27;0;0;1;6;2;0;17;0;0;1
Pinophyta_Cryptomeria_japonica_I_9;5728;12;119;0.02077513966480447;4;8;1;0;1;3;0;0;0;0;0;0
Pinophyta_Pinus_tabuliformis_I_10;6777;11;105;0.015493581230633024;5;6;0;0;2;1;0;0;0;0;0;0
Pinophyta_Pinus_tabuliformis_I_1;6444;13;123;0.019087523277467412;7;6;1;0;1;5;0;1;0;0;0;0
Pinophyta_Pinus_tabuliformis_I_2;5855;8;76;0.012980358667805295;1;7;0;0;1;2;0;0;0;0;0;0
Pinophyta_Pinus_tabuliformis_I_3;6468;14;141;0.021799628942486084;5;9;1;0;2;5;0;0;0;0;0;0
Pinophyta_Pinus_tabuliformis_I_4;6523;8;78;0.011957688180285145;5;3;1;0;1;2;0;0;0;0;0;1
Pinophyta_Pinus_tabuliformis_I_5;6258;7;66;0.010546500479386385;5;2;0;0;1;0;0;0;0;0;0;0
Pinophyta_Pinus_tabuliformis_I_6;6680;13;130;0.019461077844311378;6;7;1;1;2;2;0;0;0;0;0;0
Pinophyta_Pinus_tabuliformis_I_7;7015;15;141;0.020099786172487526;6;9;1;0;4;4;0;0;0;0;0;0
Pinophyta_Pinus_tabuliformis_I_8;6101;7;68;0.011145713817406982;3;4;0;0;1;1;0;0;0;0;0;0
Pinophyta_Pinus_tabuliformis_I_9;6385;17;166;0.025998433829287394;6;11;1;0;1;4;0;0;0;0;0;0
Pinophyta_Sequoiadendron_giganteum_I_10;7120;8;87;0.012219101123595505;4;4;0;0;1;4;0;0;0;0;1;0
Pinophyta_Sequoiadendron_giganteum_I_1;5667;12;117;0.020645844362096346;3;9;1;0;2;3;0;0;0;0;0;0
Pinophyta_Sequoiadendron_giganteum_I_2;5839;15;143;0.024490494947765028;6;9;1;0;3;8;0;0;0;0;0;1
Pinophyta_Sequoiadendron_giganteum_I_3;5738;15;139;0.02422446845590798;5;10;1;0;3;6;0;0;0;0;1;0
Pinophyta_Sequoiadendron_giganteum_I_4;6517;7;79;0.012122142089918674;3;4;0;0;0;1;0;0;1;0;0;0
Pinophyta_Sequoiadendron_giganteum_I_5;6503;21;221;0.033984314931570045;6;15;1;0;1;7;0;0;4;0;0;0
Pinophyta_Sequoiadendron_giganteum_I_6;6942;14;136;0.01959089599539038;4;10;2;0;1;4;0;0;1;0;0;0
Pinophyta_Sequoiadendron_giganteum_I_7;5426;5;48;0.008846295613711759;4;1;0;0;0;3;0;0;0;0;0;0
Pinophyta_Sequoiadendron_giganteum_I_8;7696;15;147;0.019100831600831602;12;3;0;0;2;5;0;1;0;0;0;0
Pinophyta_Sequoiadendron_giganteum_I_9;7103;7;64;0.009010277347599606;5;2;0;0;0;4;0;0;0;0;1;0
Pinophyta_Taxus_chinensis_I_10;5967;10;94;0.015753309870956928;4;6;1;0;0;1;1;0;0;0;0;0
Pinophyta_Taxus_chinensis_I_11;6004;12;113;0.01882078614257162;5;7;0;0;1;3;1;0;0;0;0;0
Pinophyta_Taxus_chinensis_I_1;6135;17;159;0.02591687041564792;8;9;3;0;2;3;1;0;0;0;0;0
Pinophyta_Taxus_chinensis_I_2;6163;8;74;0.012007139380171995;5;3;1;0;0;1;1;0;0;0;0;0
Pinophyta_Taxus_chinensis_I_3;6228;19;185;0.02970456005138086;8;11;0;0;2;5;0;0;0;0;0;0
Pinophyta_Taxus_chinensis_I_4;6356;10;95;0.014946507237256136;5;5;0;0;0;3;0;1;0;0;0;0
Pinophyta_Taxus_chinensis_I_5;6145;18;171;0.027827502034174126;8;10;4;0;1;4;0;0;0;0;0;0
Pinophyta_Taxus_chinensis_I_6;6159;11;100;0.01623640201331385;6;5;2;0;0;1;1;1;0;0;0;0
Pinophyta_Taxus_chinensis_I_7;6044;15;141;0.023328921244209135;8;7;2;0;1;3;0;0;0;0;0;0
Pinophyta_Taxus_chinensis_I_8;6512;11;105;0.016124078624078626;4;7;1;0;0;2;0;1;0;0;0;0
Pinophyta_Taxus_chinensis_I_9;6155;14;132;0.021445978878960194;6;8;1;0;1;2;1;0;0;0;0;0
Monocot_Allium_sativum_L1_10;5502;8;77;0.013994910941475827;2;6;2;1;0;3;0;0;0;0;0;0
Monocot_Allium_sativum_RTE_11;4253;11;121;0.028450505525511403;5;6;0;0;0;7;0;0;1;0;0;0
Monocot_Allium_sativum_L1_1;5470;6;54;0.009872029250457038;4;2;1;0;0;1;0;0;0;0;0;0
Monocot_Allium_sativum_L1_2;5403;12;117;0.021654636313159357;8;4;1;0;0;5;0;0;0;0;1;0
Monocot_Allium_sativum_L1_3;5515;18;169;0.030643699002719856;13;5;1;1;0;3;0;0;0;0;0;0
Monocot_Allium_sativum_L1_4;5508;7;66;0.011982570806100218;4;3;1;1;0;4;0;0;0;0;0;0
Monocot_Allium_sativum_L1_5;5581;14;131;0.023472495968464433;4;10;2;0;1;4;0;0;0;0;0;0
Monocot_Allium_sativum_L1_6;5470;5;45;0.008226691042047532;3;2;1;0;0;1;0;0;0;0;0;0
Monocot_Allium_sativum_L1_7;5847;9;95;0.01624764836668377;6;3;0;1;0;5;0;0;0;0;0;0
Monocot_Allium_sativum_L1_8;5694;9;84;0.014752370916754479;7;2;0;0;0;2;0;0;0;0;0;0
Monocot_Allium_sativum_L1_9;5642;11;124;0.02197802197802198;5;6;1;0;0;4;0;0;1;0;0;0
Monocot_Chionographis_japonica_I_1;5525;1;11;0.001990950226244344;0;1;1;0;0;0;0;0;0;0;0;0
Monocot_Chionographis_japonica_I_2;5547;7;71;0.012799711555795925;4;3;2;1;0;1;0;0;0;0;0;0
Monocot_Chionographis_japonica_I_3;5537;6;58;0.010474986454758894;3;3;2;1;0;1;0;0;0;0;0;0
Monocot_Chionographis_japonica_I_4;5464;6;58;0.01061493411420205;2;4;1;0;0;1;0;0;0;0;1;0
Monocot_Chionographis_japonica_I_5;5779;6;60;0.01038241910365115;3;3;1;0;1;0;0;0;0;0;0;0
Monocot_Chionographis_japonica_I_6;7232;10;97;0.013412610619469027;7;3;1;0;2;1;0;0;0;1;0;0
Monocot_Chionographis_japonica_I_7;5532;3;42;0.007592190889370932;1;2;1;0;0;1;0;0;0;0;0;0
Monocot_Chionographis_japonica_I_10;6246;13;127;0.020333013128402178;6;7;1;0;1;5;0;0;0;0;0;0
Monocot_Chionographis_japonica_I_8;5974;9;133;0.022263140274522933;4;5;1;0;1;3;0;0;0;0;0;0
Monocot_Chionographis_japonica_I_9;5938;9;102;0.017177500842034354;4;5;1;0;1;3;0;0;0;0;0;0
Monocot_Acorus_gramineus_I_10;5824;9;94;0.016140109890109892;5;4;1;0;1;2;0;0;0;0;0;0
Monocot_Acorus_gramineus_I_1;5792;9;97;0.016747237569060772;2;7;1;0;0;3;0;0;0;0;1;0
Monocot_Acorus_gramineus_I_2;5905;5;45;0.007620660457239628;3;2;1;0;1;3;0;0;0;0;0;0
Monocot_Acorus_gramineus_I_3;5856;9;93;0.015881147540983607;4;5;1;0;1;3;0;0;0;0;0;1
Monocot_Acorus_gramineus_I_4;5872;7;64;0.010899182561307902;5;2;1;1;0;4;0;0;0;0;0;1
Monocot_Acorus_gramineus_I_5;5720;10;106;0.01853146853146853;3;7;1;0;0;5;0;0;0;0;1;0
Monocot_Acorus_gramineus_I_6;5842;5;51;0.008729887024991442;3;2;1;0;0;1;0;0;0;0;0;0
Monocot_Acorus_gramineus_I_7;5763;13;123;0.021343050494534097;7;6;1;0;0;3;0;0;0;0;0;0
Monocot_Acorus_gramineus_I_9;5646;9;85;0.015054906128232378;3;6;1;0;1;3;0;0;0;0;0;0
Monocot_Acorus_gramineus_I_11;5437;13;128;0.02354239470296119;8;5;1;0;6;2;0;0;0;0;1;0
Monocot_Acorus_gramineus_I_12;6578;16;173;0.026299787169352388;10;6;2;0;3;4;1;0;0;0;2;0
Monocot_Acorus_gramineus_L1_8;5407;14;136;0.025152579988903273;5;9;1;1;6;0;0;0;0;0;0;0
Monocot_Aechmea_fasciata_I_1;6000;11;135;0.0225;6;5;1;0;0;2;0;0;0;0;1;0
Monocot_Aechmea_fasciata_I_4;5854;11;107;0.018278100444140757;7;4;1;0;2;0;0;0;0;0;0;0
Monocot_Aechmea_fasciata_L1_10;6195;10;97;0.01565778853914447;2;8;1;2;0;2;0;0;0;0;1;0
Monocot_Aechmea_fasciata_L1_2;5483;13;134;0.02443917563377713;6;7;1;0;1;3;0;0;0;0;1;0
Monocot_Aechmea_fasciata_L1_3;5769;16;150;0.026001040041601663;7;9;1;0;0;5;0;0;0;0;0;0
Monocot_Aechmea_fasciata_L1_5;5705;16;149;0.02611744084136722;7;9;1;0;3;2;0;0;0;0;0;0
Monocot_Aechmea_fasciata_L1_6;6007;13;122;0.020309638754786082;4;9;1;0;3;4;0;0;0;0;0;0
Monocot_Aechmea_fasciata_L1_7;7444;27;270;0.03627082213863514;13;14;2;1;2;9;0;1;0;0;1;0
Monocot_Aechmea_fasciata_L1_8;5299;10;95;0.01792791092658992;4;6;1;0;0;3;0;0;0;0;0;0
Monocot_Aechmea_fasciata_L1_9;5937;14;185;0.031160518780528886;2;12;1;0;1;4;0;0;0;0;1;1
Monocot_Aegilops_umbellulata_I_11;5757;17;159;0.027618551328817093;11;6;1;0;3;3;0;0;0;0;0;0
Monocot_Aegilops_umbellulata_I_1;5677;13;127;0.02237097058305443;7;6;1;0;6;1;0;0;0;0;0;0
Monocot_Aegilops_umbellulata_I_2;5262;10;100;0.019004180919802355;4;6;0;0;3;1;0;0;0;0;0;0
Monocot_Aegilops_umbellulata_I_3;5095;6;56;0.01099116781157998;5;1;1;0;0;1;0;0;0;0;0;0
Monocot_Aegilops_umbellulata_I_4;5650;13;129;0.022831858407079644;6;7;1;0;3;2;0;0;0;0;0;0
Monocot_Aegilops_umbellulata_I_5;5786;17;159;0.027480124438299343;8;9;1;0;8;1;0;0;0;0;0;0
Monocot_Aegilops_umbellulata_I_6;5296;12;111;0.020959214501510573;5;7;1;0;3;1;0;0;0;0;0;0
Monocot_Aegilops_umbellulata_I_7;5306;6;57;0.010742555597436865;4;2;0;0;3;0;0;0;0;0;0;0
Monocot_Aegilops_umbellulata_L1_10;5508;9;89;0.01615831517792302;3;6;1;0;1;0;0;0;0;0;0;0
Monocot_Aegilops_umbellulata_L1_8;5797;9;85;0.01466275659824047;4;5;1;0;1;3;0;0;0;0;0;0
Monocot_Aegilops_umbellulata_L1_9;6287;10;100;0.01590583744234134;4;6;0;0;0;5;0;0;0;0;1;0
Monocot_Phoenix_dactylifera_I_10;6128;17;167;0.027251958224543082;11;6;1;0;4;4;0;0;0;0;0;0
Monocot_Phoenix_dactylifera_I_1;6019;16;158;0.026250207675693638;9;7;1;0;6;5;0;0;0;0;0;0
Monocot_Phoenix_dactylifera_I_2;6340;14;136;0.02145110410094637;7;7;1;0;4;2;0;0;0;0;0;0
Monocot_Phoenix_dactylifera_I_3;6106;13;140;0.02292826727808713;3;10;1;0;7;4;0;0;0;0;0;0
Monocot_Phoenix_dactylifera_I_4;6122;15;148;0.024175106174452794;8;7;1;0;8;2;0;0;0;0;0;0
Monocot_Phoenix_dactylifera_I_5;6292;14;149;0.0236808645899555;9;5;1;0;1;1;0;0;0;2;0;0
Monocot_Phoenix_dactylifera_I_6;6180;12;135;0.021844660194174758;4;8;1;0;6;3;0;0;0;0;0;0
Monocot_Phoenix_dactylifera_I_7;6192;15;157;0.02535529715762274;10;5;1;1;6;3;0;0;0;0;0;0
Monocot_Phoenix_dactylifera_I_8;6244;8;78;0.012491992312620116;3;5;1;0;3;2;0;0;0;0;0;0
Monocot_Phoenix_dactylifera_I_9;6449;11;162;0.025120173670336487;7;4;1;1;3;0;0;0;0;0;0;1
Monocot_Oryza_sativa_I_1;8265;21;218;0.026376285541439805;6;15;0;0;1;0;0;0;0;0;0;0
Monocot_Oryza_sativa_I_2;5667;8;77;0.013587436033174518;5;3;0;0;3;0;0;0;0;0;0;0
Monocot_Oryza_sativa_I_3;5613;4;37;0.006591840370568323;2;2;0;0;1;0;0;0;0;0;0;0
Monocot_Oryza_sativa_I_5;5667;8;77;0.013587436033174518;5;3;0;0;3;0;0;0;0;0;0;0
Monocot_Oryza_sativa_I_7;8285;22;227;0.02739891369945685;7;15;0;0;1;0;0;0;0;0;0;0
Monocot_Oryza_sativa_L1_6;4672;11;120;0.025684931506849314;7;4;0;0;0;2;0;0;0;0;0;0
Monocot_Oryza_sativa_L1_4;5701;11;103;0.018067005788458164;6;5;0;0;1;2;0;1;0;0;0;0
Monocot_Zea_mays_I_11;6180;12;117;0.018932038834951457;9;3;1;0;5;2;0;1;0;0;0;0
Monocot_Zea_mays_I_12;5418;12;121;0.02233296419342931;6;6;1;0;3;2;0;0;0;0;0;0
Monocot_Zea_mays_I_4;5356;11;105;0.019604182225541448;6;5;1;0;2;2;0;0;0;0;0;0
Monocot_Zea_mays_RTE_10;3218;8;81;0.02517091361093847;4;4;1;0;1;1;0;1;0;0;0;0
Monocot_Zea_mays_L1_13;5742;10;92;0.01602229188436085;2;8;1;0;1;3;0;0;0;0;0;0
Monocot_Zea_mays_L1_14;5840;11;101;0.017294520547945204;8;3;2;0;0;3;0;0;0;0;0;0
Monocot_Zea_mays_RTE_1;4315;8;87;0.020162224797219002;1;7;0;0;1;3;0;1;0;0;0;0
Monocot_Zea_mays_L1_2;5504;7;65;0.011809593023255814;4;3;0;0;1;1;0;0;0;0;0;0
Monocot_Zea_mays_L1_3;5992;11;109;0.018190921228304405;4;7;1;1;0;3;0;0;0;0;0;0
Monocot_Zea_mays_RTE_6;4459;14;150;0.03363982955819691;4;10;1;0;3;1;1;1;0;0;0;0
Monocot_Zea_mays_RTE_7;3800;9;101;0.026578947368421053;3;6;1;0;1;2;0;1;0;0;0;0
Monocot_Zea_mays_RTE_8;3813;11;106;0.02779963283503803;4;7;0;1;1;3;0;1;0;0;0;0
Monocot_Zea_mays_RTE_9;3521;8;100;0.028401022436807723;3;5;0;0;1;2;0;1;0;0;0;0
Polypodiophyta_Adiantum_capillus-veneris_L1_10;6356;20;189;0.02973568281938326;10;10;1;0;3;5;0;0;0;0;0;0
Polypodiophyta_Adiantum_capillus-veneris_L1_11;6435;20;246;0.03822843822843823;8;12;1;1;3;5;0;1;0;0;0;0
Polypodiophyta_Adiantum_capillus-veneris_L1_1;6478;11;138;0.021302871256560666;7;4;0;0;0;4;0;1;0;0;0;0
Polypodiophyta_Adiantum_capillus-veneris_L1_2;6436;22;236;0.036668738346799255;10;12;1;2;4;7;0;0;0;0;0;0
Polypodiophyta_Adiantum_capillus-veneris_L1_3;6346;11;103;0.016230696501733376;6;5;0;0;1;4;0;0;0;0;0;0
Polypodiophyta_Adiantum_capillus-veneris_L1_4;6041;25;251;0.04154941234894885;12;13;1;2;5;6;0;0;0;0;0;0
Polypodiophyta_Adiantum_capillus-veneris_L1_5;6414;19;216;0.03367633302151544;9;10;1;1;2;6;0;0;0;0;0;0
Polypodiophyta_Adiantum_capillus-veneris_L1_6;6405;20;199;0.031069476971116314;9;11;1;2;2;6;0;0;0;0;0;0
Polypodiophyta_Adiantum_capillus-veneris_L1_7;6515;14;208;0.03192632386799693;9;5;0;1;1;3;0;1;0;0;0;0
Polypodiophyta_Adiantum_capillus-veneris_L1_8;6374;17;158;0.024788202070913083;8;9;0;0;3;5;0;0;0;0;0;0
Polypodiophyta_Adiantum_capillus-veneris_L1_9;6371;19;183;0.028723905195416732;7;12;1;1;3;6;0;0;0;0;0;0
Polypodiophyta_Ceratopteris_richardii_I_11;5459;7;65;0.011906942663491482;5;2;0;0;0;4;0;0;0;0;0;0
Polypodiophyta_Ceratopteris_richardii_I_2;6140;21;203;0.03306188925081433;7;14;4;0;0;5;3;0;1;0;1;0
Polypodiophyta_Ceratopteris_richardii_I_6;6302;17;173;0.027451602665820373;8;9;0;0;0;5;0;0;1;0;0;0
Polypodiophyta_Ceratopteris_richardii_I_7;6488;15;145;0.022348951911220716;8;7;4;0;0;4;0;0;1;0;0;0
Polypodiophyta_Ceratopteris_richardii_I_8;7533;13;122;0.01619540687641046;7;6;0;1;0;4;0;0;0;0;0;0
Polypodiophyta_Ceratopteris_richardii_L1_10;5215;11;106;0.020325982742090125;7;4;2;1;0;1;1;0;0;0;0;0
Polypodiophyta_Ceratopteris_richardii_L1_1;6251;10;96;0.015357542793153095;1;9;3;0;1;1;0;0;0;0;0;0
Polypodiophyta_Ceratopteris_richardii_L1_3;5199;8;73;0.014041161761877283;3;5;1;0;0;2;0;0;0;0;0;0
Polypodiophyta_Ceratopteris_richardii_L1_4;5383;9;84;0.015604681404421327;5;4;1;0;0;2;0;0;0;0;1;0
Polypodiophyta_Ceratopteris_richardii_L1_5;5206;9;91;0.017479830964271994;3;6;1;1;0;2;0;0;0;0;0;0
Polypodiophyta_Ceratopteris_richardii_L1_9;5233;7;69;0.013185553219950316;5;2;0;0;0;4;0;0;0;0;0;0
Monocot_Rhynchospora_filiformis_I_1;5519;8;81;0.014676571842725132;3;5;1;0;1;4;0;0;0;0;0;0
Monocot_Rhynchospora_filiformis_I_2;5276;8;80;0.015163002274450341;4;4;1;0;1;3;0;0;0;0;0;0
Monocot_Rhynchospora_filiformis_I_4;5352;8;79;0.01476083707025411;3;5;2;0;0;3;0;0;0;0;0;0
Monocot_Rhynchospora_filiformis_L1_3;5441;12;123;0.022606138577467377;7;5;1;0;0;6;0;0;0;0;1;0
Monocot_Rhynchospora_filiformis_L1_5;5722;11;113;0.01974833974134918;6;5;1;0;1;3;0;0;0;0;2;0
Monocot_Rhynchospora_filiformis_L1_6;5338;12;120;0.022480329711502434;5;7;1;0;0;4;0;0;0;0;0;0
Monocot_Rhynchospora_holoschoenoides_I_10;5241;11;147;0.028048082427017746;2;9;1;0;0;3;0;0;0;0;1;0
Monocot_Rhynchospora_holoschoenoides_I_11;5761;9;90;0.01562228779725742;3;6;2;0;1;2;0;0;0;0;0;0
Monocot_Rhynchospora_holoschoenoides_I_1;5376;6;63;0.01171875;4;2;1;1;0;1;0;0;0;0;0;0
Monocot_Rhynchospora_holoschoenoides_I_2;5301;6;63;0.011884550084889643;1;5;1;0;0;1;0;0;1;0;0;0
Monocot_Rhynchospora_holoschoenoides_I_3;5115;9;91;0.017790811339198437;5;4;1;0;1;3;0;0;0;0;0;0
Monocot_Rhynchospora_holoschoenoides_I_4;5658;12;115;0.02032520325203252;8;4;1;2;1;4;0;0;0;0;0;0
Monocot_Rhynchospora_holoschoenoides_I_5;5242;9;82;0.01564288439526898;3;6;0;2;0;5;0;0;0;0;1;0
Monocot_Rhynchospora_holoschoenoides_I_6;5215;8;83;0.01591562799616491;4;4;1;0;0;2;0;0;0;0;0;0
Monocot_Rhynchospora_holoschoenoides_I_7;5615;6;72;0.012822796081923419;4;2;1;0;0;1;0;1;0;0;0;0
Monocot_Rhynchospora_holoschoenoides_I_8;5281;8;76;0.014391213785267941;4;4;1;0;0;3;0;0;0;0;1;0
Monocot_Rhynchospora_holoschoenoides_I_9;5222;11;121;0.02317119877441593;8;3;1;0;2;0;0;0;0;0;0;0
Monocot_Rhynchospora_breviuscula_RTE_1;4756;11;145;0.03048780487804878;3;8;1;0;0;5;0;0;1;0;0;0
Monocot_Rhynchospora_breviuscula_RTE_2;5031;16;194;0.03856092228185251;4;12;2;0;0;6;0;0;1;0;0;0
Monocot_Rhynchospora_breviuscula_RTE_3;4222;12;147;0.03481762198010421;3;9;0;0;0;7;0;0;1;0;0;0
Monocot_Rhynchospora_breviuscula_RTE_4;5421;19;198;0.036524626452684006;6;13;4;0;1;9;0;0;0;0;2;0
Monocot_Rhynchospora_breviuscula_RTE_5;3515;4;44;0.01251778093883357;1;3;1;0;0;2;0;0;0;0;0;0
Monocot_Rhynchospora_breviuscula_RTE_6;3561;9;125;0.035102499297950014;3;6;0;0;0;5;0;0;1;0;0;0
Monocot_Rhynchospora_breviuscula_RTE_7;3847;11;143;0.037171822199116196;3;8;0;0;0;5;0;0;1;0;0;0
Monocot_Rhynchospora_breviuscula_RTE_8;3395;10;137;0.040353460972017675;3;7;1;0;0;5;0;0;1;0;0;0
Monocot_Rhynchospora_breviuscula_RTE_9;3310;8;104;0.03141993957703928;2;6;0;0;0;5;0;0;1;0;0;0
Monocot_Rhynchospora_gaudichaudii_I_1;5508;7;64;0.011619462599854757;2;5;1;0;0;3;0;1;0;0;0;0
Monocot_Rhynchospora_gaudichaudii_I_2;5781;7;63;0.010897768552153606;5;2;1;0;0;1;0;0;0;0;0;0
Monocot_Rhynchospora_gaudichaudii_I_3;5883;12;164;0.027876933537310897;2;10;3;0;0;6;0;0;0;0;0;0
Monocot_Rhynchospora_gaudichaudii_I_4;5402;11;113;0.020918178452425027;4;7;1;0;2;3;0;1;0;0;0;0
Monocot_Rhynchospora_gaudichaudii_I_5;5375;9;97;0.018046511627906978;3;6;1;0;3;3;0;0;0;0;0;0
Monocot_Rhynchospora_gaudichaudii_I_6;5578;12;127;0.022768017210469702;6;6;1;1;1;3;0;0;0;0;0;0
Monocot_Rhynchospora_gaudichaudii_I_7;5412;7;96;0.017738359201773836;2;5;1;0;2;2;0;0;0;0;0;0
Monocot_Rhynchospora_gaudichaudii_I_8;5325;8;83;0.015586854460093896;4;4;1;1;1;1;0;0;0;0;0;0
Monocot_Rhynchospora_ridleyi_I_10;5196;7;72;0.013856812933025405;3;4;1;0;0;2;0;0;0;0;1;0
Monocot_Rhynchospora_ridleyi_I_1;5595;10;101;0.01805183199285076;6;4;1;0;0;5;0;0;0;0;0;0
Monocot_Rhynchospora_ridleyi_I_2;5551;10;96;0.017294181228607458;5;5;1;0;0;6;0;0;0;0;0;0
Monocot_Rhynchospora_ridleyi_I_3;5482;6;59;0.010762495439620576;2;4;1;0;0;0;0;0;1;0;0;0
Monocot_Rhynchospora_ridleyi_I_4;5567;8;76;0.013651877133105802;1;7;1;0;1;0;0;0;0;0;0;0
Monocot_Rhynchospora_ridleyi_I_5;5401;14;142;0.026291427513423442;7;7;1;0;1;7;0;0;0;0;0;0
Monocot_Rhynchospora_ridleyi_I_6;5519;8;76;0.013770610617865555;3;5;1;0;2;3;0;0;0;0;0;0
Monocot_Rhynchospora_ridleyi_I_7;5417;10;105;0.01938342255861178;4;6;1;0;3;1;0;0;0;0;0;0
Monocot_Rhynchospora_ridleyi_I_8;5421;11;116;0.021398266002582548;4;7;1;0;3;2;0;0;0;0;0;0
Monocot_Rhynchospora_ridleyi_I_9;5555;8;81;0.014581458145814581;5;3;1;0;1;3;0;0;0;0;0;0
Monocot_Rhynchospora_ridleyi_L1_11;5718;13;131;0.02291010842952081;6;7;1;1;1;7;0;0;0;0;0;0
Monocot_Rhynchospora_ridleyi_L1_12;5427;10;91;0.016768011792887415;6;4;0;0;0;3;0;0;0;0;0;0
Monocot_Rhynchospora_ridleyi_L1_13;5435;14;132;0.024287028518859246;8;6;1;0;0;4;0;1;0;0;0;0
Monocot_Rhynchospora_ridleyi_L1_14;6136;11;119;0.01939374185136897;6;5;1;0;0;4;0;0;0;0;0;0
Monocot_Rhynchospora_austrobrasiliensis_I_3;6447;10;114;0.017682643089809214;4;6;0;0;0;4;0;0;0;0;0;0
Monocot_Rhynchospora_austrobrasiliensis_L1_1;5641;9;88;0.015600070909413224;6;3;1;1;0;1;0;0;0;0;0;0
Monocot_Rhynchospora_austrobrasiliensis_L1_2;5697;9;88;0.015446726347200282;6;3;1;1;0;1;0;0;0;0;0;0
Monocot_Rynchospora_pubera_I_10;5879;11;115;0.019561149855417587;7;4;1;0;3;2;0;0;0;0;0;0
Monocot_Rynchospora_pubera_I_2;5545;13;131;0.023624887285843103;5;8;1;0;1;3;0;0;0;0;0;0
Monocot_Rynchospora_pubera_I_3;5391;8;79;0.014654053051381934;4;4;1;0;0;4;0;0;0;0;0;0
Monocot_Rynchospora_pubera_I_4;5370;7;66;0.012290502793296089;2;5;1;0;0;3;1;0;0;0;0;0
Monocot_Rynchospora_pubera_I_5;5177;8;83;0.0160324512265791;3;5;1;0;2;1;0;0;0;0;0;0
Monocot_Rynchospora_pubera_I_6;5473;4;38;0.00694317558925635;2;2;1;0;1;0;0;0;0;0;0;0
Monocot_Rynchospora_pubera_I_11;5382;10;98;0.018208844295800816;3;7;1;0;0;4;0;0;0;0;0;0
Monocot_Rynchospora_pubera_I_7;5387;10;103;0.019120103953963245;3;7;1;0;0;4;0;0;0;0;0;0
Monocot_Rynchospora_pubera_I_8;5398;10;100;0.018525379770285292;3;7;1;0;0;4;0;0;0;0;0;0
Monocot_Rynchospora_pubera_L1_1;5429;4;44;0.008104623319211642;1;3;1;0;0;1;0;0;0;0;0;0
Monocot_Rynchospora_pubera_L1_9;4955;4;36;0.007265388496468214;2;2;0;1;1;0;0;0;0;0;0;0
Monocot_Rynchospora_tenerrima_I_1;5402;10;101;0.018696778970751574;4;6;1;0;3;2;0;0;0;0;0;0
Monocot_Rynchospora_tenerrima_I_2;5365;4;45;0.008387698042870456;2;2;1;0;0;1;0;0;0;0;0;0
Monocot_Rynchospora_tenerrima_I_3;5371;6;63;0.011729659281325638;3;3;1;0;1;1;0;0;0;0;0;0
Monocot_Rynchospora_tenerrima_I_4;5385;5;59;0.01095636025998143;3;2;1;0;0;1;0;0;0;0;0;0
Monocot_Rynchospora_tenerrima_I_5;5400;8;78;0.014444444444444444;4;4;1;0;1;3;0;0;0;0;0;0
Monocot_Rynchospora_tenerrima_I_6;5473;6;59;0.01078019367805591;2;4;1;0;1;0;0;0;0;0;0;0
Monocot_Rynchospora_tenerrima_I_8;5364;4;45;0.008389261744966443;2;2;1;0;0;1;0;0;0;0;0;0
Monocot_Rynchospora_tenerrima_I_9;5249;5;49;0.009335111449799961;4;1;0;0;0;1;0;0;0;0;1;0
Monocot_Rynchospora_tenerrima_L1_10;7309;16;154;0.02106991380489807;11;5;1;2;1;8;0;0;0;0;0;0
Monocot_Rynchospora_tenerrima_L1_7;5353;8;75;0.014010835045768728;2;6;1;1;1;2;0;0;0;0;0;0
